<xml xmlns:o="urn:schemas-microsoft-com:office:office">
 <o:File HRef="v3_document.htm"/>
 <o:File HRef="preview.wmf"/>
 <o:File HRef="v3_next_active.gif"/>
 <o:File HRef="v3_next_disabled.gif"/>
 <o:File HRef="v3_prev_active.gif"/>
 <o:File HRef="v3_prev_disabled.gif"/>
 <o:File HRef="v3_outline_collapse.gif"/>
 <o:File HRef="v3_outline_expand.gif"/>
 <o:File HRef="v3_space.gif"/>
 <o:File HRef="v3_endshow.htm"/>
 <o:File HRef="v3_navigation_bar.htm"/>
 <o:File HRef="v3_outline_navigation_bar.htm"/>
 <o:File HRef="v3_outline_collapsed.htm"/>
 <o:File HRef="v3_outline_expanded.htm"/>
 <o:File HRef="v3_blank_notes.htm"/>
 <o:File HRef="master03.htm"/>
 <o:File HRef="master03.xml"/>
 <o:File HRef="pres.xml"/>
 <o:File HRef="v3_slide0001.htm"/>
 <o:File HRef="v3_slide0001_image001.gif"/>
 <o:File HRef="v3_slide0002.htm"/>
 <o:File HRef="v3_slide0002_image002.gif"/>
 <o:File HRef="v3_slide0002_image003.gif"/>
 <o:File HRef="v3_slide0002_image004.gif"/>
 <o:File HRef="v3_slide0003.htm"/>
 <o:File HRef="v3_slide0003_image005.gif"/>
 <o:File HRef="v3_slide0003_image006.gif"/>
 <o:File HRef="v3_slide0003_image007.gif"/>
 <o:File HRef="v3_slide0004.htm"/>
 <o:File HRef="v3_slide0004_image008.gif"/>
 <o:File HRef="slide0001.htm"/>
 <o:File HRef="slide0001_image009.gif"/>
 <o:File HRef="slide0002.htm"/>
 <o:File HRef="slide0002_image010.jpg"/>
 <o:File HRef="slide0002_image011.gif"/>
 <o:File HRef="slide0002_image012.gif"/>
 <o:File HRef="slide0002_image013.gif"/>
 <o:File HRef="slide0003.htm"/>
 <o:File HRef="slide0003_image014.jpg"/>
 <o:File HRef="slide0003_image015.gif"/>
 <o:File HRef="slide0003_image016.gif"/>
 <o:File HRef="slide0003_image017.gif"/>
 <o:File HRef="slide0004.htm"/>
 <o:File HRef="slide0004_image018.jpg"/>
 <o:File HRef="slide0004_image019.gif"/>
 <o:File HRef="slide0004_image020.gif"/>
 <o:File HRef="master01.htm"/>
 <o:File HRef="master03_stylesheet.css"/>
 <o:File HRef="script.js"/>
 <o:MainFile HRef="../my%20certficates.htm"/>
 <o:File HRef="frame.htm"/>
 <o:File HRef="filelist.xml"/>
</xml>