<xml xmlns:v="urn:schemas-microsoft-com:vml"
 xmlns:o="urn:schemas-microsoft-com:office:office"
 xmlns:p="urn:schemas-microsoft-com:office:powerpoint"
 xmlns:oa="urn:schemas-microsoft-com:office:activation">
 <p:presentation sizeof="screen" gridspacingx="49152" gridspacingy="49152"
  subsetembed="1">
  <p:master id="3" slidesn="1D159AC,117D0CF0" type="main" href="master03.htm"
   xmlhref="master03.xml" template="Office Theme" layout="title_body"
   slots="title,body,dateTime,footer,slideNumber">
   <p:schemes>
   </p:schemes>
  </p:master>
  <p:master id="1" slidesn="1D159AC,9686F910" type="notes" href="master01.htm"
   layout="notes" slots="header,dateTime,slideImage,body,footer,slideNumber"/>
  <p:slide id="1" slidesn="1D159AC,11901FC0" href="slide0001.htm"
   collapseoutline="t"/>
  <p:slide id="2" slidesn="1D159AF,864CBD20" href="slide0002.htm"/>
  <p:slide id="3" slidesn="1D159AF,86517810" href="slide0003.htm"/>
  <p:slide id="4" slidesn="1D159AF,8653C200" href="slide0004.htm"/>
  <p:viewstate restoredleft="99" restoredtop="946" horizbarstate="2"
   manualadjustleft="t" manualadjusttop="t" hideoutlineicons="t"/>
  <p:pptdocumentsettings framecolors="WhiteTextOnBlack" hidenavigation="t"
   donotresizegraphics="t" hideslideanimation="t" browsersupport="v4"/>
  <p:htmlpublishsettings browsersupport="dual"
   href="C:\Users\asd\Desktop\New folder (3)\my certficates.htm" startslide="1"
   endslide="4" hidespeakernote="t"/>
  <p:photoalbum/>
 </p:presentation>
 <o:shapedefaults v:ext="edit" spidmax="6152"/>
</xml>